Time,NodeID,IndividualID,Gender,AgeYears,InfectionDuration
3855,340461476,27,M,10.5644,87.75
3855,340461476,29,F,10.5644,56.375
3855,340461476,40,F,10.5644,108.875
3855,340461476,107,M,10.5178,68
3855,340461476,240,F,9.09041,85.875
3855,340461476,360,M,7.73425,64.75
3855,340461476,373,F,7.67397,57.125
3855,340461476,376,M,7.6411,170.625
3855,340461476,424,F,7.15342,151.375
3855,340461476,501,F,6.43562,109.625
